id,date,title,body,tags,title_ko,body_ko
820474912400670720,2026-06-26 09:24:11 GMT,,"<p>Korea intercity bus travel made simple. Compare buses vs KTX, avoid terminal mistakes, and plan smarter before your first regional ride.</p><p class=""npf_link"" data-npf='{""type"":""link"",""url"":""https://kj.nomardy.com/korea-intercity-bus-travel/"",""display_url"":""https://kj.nomardy.com/korea-intercity-bus-travel/"",""title"":""How Intercity Bus Travel Reveals a Different Korea Beyond KTX and Seoul"",""poster"":[{""media_key"":""527b9b70e8bc2b0613e0c4e30a6a305f:81161eeae2a21096-7a"",""type"":""image/webp"",""width"":1729,""height"":910}]}'><a href=""https://kj.nomardy.com/korea-intercity-bus-travel/"" target=""_blank"">How Intercity Bus Travel Reveals a Different Korea Beyond KTX and Seoul</a></p>","Budget Travel, Korea travel, Public Transportation, Travel Planning",,"<p>한국 시외버스 여행이 간편해졌습니다. 버스와 KTX를 비교하고 터미널 실수를 방지하며 첫 지역 탑승 전에 더욱 스마트하게 계획을 세우세요.</p><p class=""npf_link"" data-npf='{""type"":""link"",""url"":""https://kj.nomardy.com/korea-intercity-bus-travel/"",""display_url"":""https://kj.nomardy.com/korea-intercity-bus-travel/"",""title"":""How Intercity Bus Travel Reveals a Different Korea Beyond KTX and Seoul"",""poster"":[{""media_key"":""527b9b70e8bc2b0613e0c4e30a6a305f:81161eeae2a21096-7a"",""type"":""image/webp"",""width"":1729,""height"":910}]}'><a href=""https://kj.nomardy.com/korea-intercity-bus-travel/"" target=""_blank"">시외버스 여행이 KTX와 서울 너머의 다른 한국을 드러내는 방법</a></p>"
820386055124647936,2026-06-25 09:51:50 GMT,,"<p>Korea subway etiquette made simple: avoid priority-seat mistakes, learn what most tourists miss, and ride Seoul transit confidently. Read before you board.</p><p class=""npf_link"" data-npf='{""type"":""link"",""url"":""https://kj.nomardy.com/korea-subway-etiquette/"",""display_url"":""https://kj.nomardy.com/korea-subway-etiquette/"",""title"":""Why Elderly Priority Seats in Korea Carry More Social Weight Than Foreigners Expect"",""poster"":[{""media_key"":""54cc4993ed6ecd7f98e40d1d5bec24a4:c8ccc12acff225e5-00"",""type"":""image/webp"",""width"":1729,""height"":910}]}'><a href=""https://kj.nomardy.com/korea-subway-etiquette/"" target=""_blank"">Why Elderly Priority Seats in Korea Carry More Social Weight Than Foreigners Expect</a></p>","Korea travel, Korean Culture, Seoul Subway, Tourist Tips, travel etiquette",,"<p>한국 지하철 에티켓이 간단해졌습니다. 우선석 실수를 피하고, 대부분의 관광객이 놓치는 것을 배우고, 자신있게 서울 대중교통을 타세요. 탑승하기 전에 읽어보세요.</p><p class=""npf_link"" data-npf='{""type"":""link"",""url"":""https://kj.nomardy.com/korea-subway-etiquette/"",""display_url"":""https://kj.nomardy.com/korea-subway-etiquette/"",""title"":""Why Elderly Priority Seats in Korea Carry More Social Weight Than Foreigners Expect"",""poster"":[{""media_key"":""54cc4993ed6ecd7f98e40d1d5bec24a4:c8ccc12acff225e5-00"",""type"":""image/webp"",""width"":1729,""height"":910}]}'><a href=""https://kj.nomardy.com/korea-subway-etiquette/"" target=""_blank"">한국의 노인우대석이 외국인이 기대하는 것보다 더 많은 사회적 비중을 갖는 이유</a></p>"
820296050535514112,2026-06-24 10:01:15 GMT,,"<p>Korean queue etiquette made simple: avoid this mistake before buses, elevators, and escalators with practical travel tips. Read before you go.</p><p class=""npf_link"" data-npf='{""type"":""link"",""url"":""https://kj.nomardy.com/korean-queue-etiquette/"",""display_url"":""https://kj.nomardy.com/korean-queue-etiquette/"",""title"":""Why People Queue Differently in Korea at Buses, Elevators, and Escalators"",""poster"":[{""media_key"":""fcb8f63b80e944e1014750fc7fac1f74:47e7bfaf4c6fcdaa-28"",""type"":""image/webp"",""width"":1672,""height"":941}]}'><a href=""https://kj.nomardy.com/korean-queue-etiquette/"" target=""_blank"">Why People Queue Differently in Korea at Buses, Elevators, and Escalators</a></p>","Expat Tips, Korea travel, Korean Culture, Public Transport, travel etiquette",,"<p>간단한 한국 대기열 에티켓: 실용적인 여행 팁을 통해 버스, 엘리베이터, 에스컬레이터 앞에서 이러한 실수를 방지하세요. 가기 전에 읽어보세요.</p><p class=""npf_link"" data-npf='{""type"":""link"",""url"":""https://kj.nomardy.com/korean-queue-etiquette/"",""display_url"":""https://kj.nomardy.com/korean-queue-etiquette/"",""title"":""Why People Queue Differently in Korea at Buses, Elevators, and Escalators"",""poster"":[{""media_key"":""fcb8f63b80e944e1014750fc7fac1f74:47e7bfaf4c6fcdaa-28"",""type"":""image/webp"",""width"":1672,""height"":941}]}'><a href=""https://kj.nomardy.com/korean-queue-etiquette/"" target=""_blank"">한국에서 버스, 엘리베이터, 에스컬레이터에 사람들이 서로 다르게 줄을서는 이유</a></p>"
819840886039035904,2026-06-19 09:26:36 GMT,,"<div class=""npf_row""><figure class=""tmblr-full"" data-orig-height=""2048"" data-orig-width=""1143""><img src=""https://64.media.tumblr.com/17a65ee885e83632caf6a5c5ec9af059/0c239c66e42b0805-08/s640x960/b38f34b93bd4afd139a2925a59ec68409bb075cb.png"" data-orig-height=""2048"" data-orig-width=""1143"" srcset=""https://64.media.tumblr.com/17a65ee885e83632caf6a5c5ec9af059/0c239c66e42b0805-08/s75x75_c1/ac0cfe0e8e15f4d3527fe08ad2ca8885dd47e909.png 75w, https://64.media.tumblr.com/17a65ee885e83632caf6a5c5ec9af059/0c239c66e42b0805-08/s100x200/eb73e834d0a248de9d1ec56bee235731116fc188.png 100w, https://64.media.tumblr.com/17a65ee885e83632caf6a5c5ec9af059/0c239c66e42b0805-08/s250x400/0f5f2912089816e420b85b4feaf30f29f8963cf2.png 223w, https://64.media.tumblr.com/17a65ee885e83632caf6a5c5ec9af059/0c239c66e42b0805-08/s400x600/f60fed8587369d2f7d6cb720a6482fcabe563e0c.png 335w, https://64.media.tumblr.com/17a65ee885e83632caf6a5c5ec9af059/0c239c66e42b0805-08/s500x750/061e1c8192478562bf887f405311d171a4e21c23.png 419w, https://64.media.tumblr.com/17a65ee885e83632caf6a5c5ec9af059/0c239c66e42b0805-08/s540x810/71aa7befc3be5a409db5e1d86968ed8c304b961f.png 452w, https://64.media.tumblr.com/17a65ee885e83632caf6a5c5ec9af059/0c239c66e42b0805-08/s640x960/b38f34b93bd4afd139a2925a59ec68409bb075cb.png 536w, https://64.media.tumblr.com/17a65ee885e83632caf6a5c5ec9af059/0c239c66e42b0805-08/s1280x1920/7790d9a78804da2f5fb1cf07c1b8bb4f71bca705.png 1072w, https://64.media.tumblr.com/17a65ee885e83632caf6a5c5ec9af059/0c239c66e42b0805-08/s2048x3072/1e807cd717950a459560033b350595d83878ea68.png 1143w"" sizes=""(max-width: 1143px) 100vw, 1143px""/></figure></div>","seoul, korea travel, south korea, travel, children",,"<div class=""npf_row""><figure class=""tmblr-full"" data-orig-height=""2048"" data-orig-width=""1143""><img data-orig-height=""2048"" data-orig-width=""1143"" sizes=""(max-width: 1143px) 100vw, 1143px"" src=""https://64.media.tumblr.com/17a65ee885e83632caf6a5c5ec9af059/0c239c66e42b0805-08/s640x960/b38f34b93bd4afd139a2925a59ec68409bb075cb.png"" srcset=""https://64.media.tumblr.com/17a65ee885e83632caf6a5c5ec9af059/0c239c66e42b0805-08/s75x75_c1/ac0cfe0e8e15f4d3527fe08ad2ca8885dd47e909.png 75w, https://64.media.tumblr.com/17a65ee885e83632caf6a5c5ec9af059/0c239c66e42b0805-08/s100x200/eb73e834d0a248de9d1ec56bee235731116fc188.png 100w, https://64.media.tumblr.com/17a65ee885e83632caf6a5c5ec9af059/0c239c66e42b0805-08/s250x400/0f5f2912089816e420b85b4feaf30f29f8963cf2.png 223w, https://64.media.tumblr.com/17a65ee885e83632caf6a5c5ec9af059/0c239c66e42b0805-08/s400x600/f60fed8587369d2f7d6cb720a6482fcabe563e0c.png 335w, https://64.media.tumblr.com/17a65ee885e83632caf6a5c5ec9af059/0c239c66e42b0805-08/s500x750/061e1c8192478562bf887f405311d171a4e21c23.png 419w, https://64.media.tumblr.com/17a65ee885e83632caf6a5c5ec9af059/0c239c66e42b0805-08/s540x810/71aa7befc3be5a409db5e1d86968ed8c304b961f.png 452w, https://64.media.tumblr.com/17a65ee885e83632caf6a5c5ec9af059/0c239c66e42b0805-08/s640x960/b38f34b93bd4afd139a2925a59ec68409bb075cb.png 536w, https://64.media.tumblr.com/17a65ee885e83632caf6a5c5ec9af059/0c239c66e42b0805-08/s1280x1920/7790d9a78804da2f5fb1cf07c1b8bb4f71bca705.png 1072w, https://64.media.tumblr.com/17a65ee885e83632caf6a5c5ec9af059/0c239c66e42b0805-08/s2048x3072/1e807cd717950a459560033b350595d83878ea68.png 1143w""/></figure></div>"
819657496510726144,2026-06-17 08:51:42 GMT,,"<div class=""npf_row""><figure class=""tmblr-full"" data-orig-height=""1117"" data-orig-width=""2048""><img src=""https://64.media.tumblr.com/9b7477a68cf1fbe16e1868cd8c692783/c8636f6b9e559950-da/s640x960/cf1bf993336c789089923b8139528fb7ca0e685d.png"" data-orig-height=""1117"" data-orig-width=""2048"" srcset=""https://64.media.tumblr.com/9b7477a68cf1fbe16e1868cd8c692783/c8636f6b9e559950-da/s75x75_c1/c58d84df8c717314d7edcfb0deb3e7050bc3f0f2.png 75w, https://64.media.tumblr.com/9b7477a68cf1fbe16e1868cd8c692783/c8636f6b9e559950-da/s100x200/4ffc0b687ff49bf88857a1dfb7cdec21179dadca.png 100w, https://64.media.tumblr.com/9b7477a68cf1fbe16e1868cd8c692783/c8636f6b9e559950-da/s250x400/3de8253290a044a17855804948f2a38a8201b246.png 250w, https://64.media.tumblr.com/9b7477a68cf1fbe16e1868cd8c692783/c8636f6b9e559950-da/s400x600/c442a79975e1af82ad870988a8dded4d0f81c489.png 400w, https://64.media.tumblr.com/9b7477a68cf1fbe16e1868cd8c692783/c8636f6b9e559950-da/s500x750/f044a481a7b6e2fadd17b916fc9649553db4eabd.png 500w, https://64.media.tumblr.com/9b7477a68cf1fbe16e1868cd8c692783/c8636f6b9e559950-da/s540x810/eb65383d46dbca8557550fa478a3bcbfad65e712.png 540w, https://64.media.tumblr.com/9b7477a68cf1fbe16e1868cd8c692783/c8636f6b9e559950-da/s640x960/cf1bf993336c789089923b8139528fb7ca0e685d.png 640w, https://64.media.tumblr.com/9b7477a68cf1fbe16e1868cd8c692783/c8636f6b9e559950-da/s1280x1920/4992829f08b007aa72991569003d3c7da52700a8.png 1280w, https://64.media.tumblr.com/9b7477a68cf1fbe16e1868cd8c692783/c8636f6b9e559950-da/s2048x3072/2a4fd2ce09fda53291b37eb73d027bfd14a4e0af.png 2048w"" sizes=""(max-width: 1280px) 100vw, 1280px""/></figure></div>","south korea, korea travel",,"<div class=""npf_row""><figure class=""tmblr-full"" data-orig-height=""1117"" data-orig-width=""2048""><img data-orig-height=""1117"" data-orig-width=""2048"" sizes=""(max-width: 1280px) 100vw, 1280px"" src=""https://64.media.tumblr.com/9b7477a68cf1fbe16e1868cd8c692783/c8636f6b9e559950-da/s640x960/cf1bf993336c789089923b8139528fb7ca0e685d.png"" srcset=""https://64.media.tumblr.com/9b7477a68cf1fbe16e1868cd8c692783/c8636f6b9e559950-da/s75x75_c1/c58d84df8c717314d7edcfb0deb3e7050bc3f0f2.png 75w, https://64.media.tumblr.com/9b7477a68cf1fbe16e1868cd8c692783/c8636f6b9e559950-da/s100x200/4ffc0b687ff49bf88857a1dfb7cdec21179dadca.png 100w, https://64.media.tumblr.com/9b7477a68cf1fbe16e1868cd8c692783/c8636f6b9e559950-da/s250x400/3de8253290a044a17855804948f2a38a8201b246.png 250w, https://64.media.tumblr.com/9b7477a68cf1fbe16e1868cd8c692783/c8636f6b9e559950-da/s400x600/c442a79975e1af82ad870988a8dded4d0f81c489.png 400w, https://64.media.tumblr.com/9b7477a68cf1fbe16e1868cd8c692783/c8636f6b9e559950-da/s500x750/f044a481a7b6e2fadd17b916fc9649553db4eabd.png 500w, https://64.media.tumblr.com/9b7477a68cf1fbe16e1868cd8c692783/c8636f6b9e559950-da/s540x810/eb65383d46dbca8557550fa478a3bcbfad65e712.png 540w, https://64.media.tumblr.com/9b7477a68cf1fbe16e1868cd8c692783/c8636f6b9e559950-da/s640x960/cf1bf993336c789089923b8139528fb7ca0e685d.png 640w, https://64.media.tumblr.com/9b7477a68cf1fbe16e1868cd8c692783/c8636f6b9e559950-da/s1280x1920/4992829f08b007aa72991569003d3c7da52700a8.png 1280w, https://64.media.tumblr.com/9b7477a68cf1fbe16e1868cd8c692783/c8636f6b9e559950-da/s2048x3072/2a4fd2ce09fda53291b37eb73d027bfd14a4e0af.png 2048w""/></figure></div>"
816362288473899008,2026-05-11 23:55:47 GMT,,"<h1>4월 봄 이야기</h1><div class=""npf_row""><figure class=""tmblr-full"" data-orig-height=""1440"" data-orig-width=""1440""><img src=""https://64.media.tumblr.com/1338b83087b98af5d1246948dc81b389/0e5f33d18d57bd07-c3/s640x960/f252d58c2936baaf7be0620506686e1e3fcd87af.jpg"" data-orig-height=""1440"" data-orig-width=""1440"" srcset=""https://64.media.tumblr.com/1338b83087b98af5d1246948dc81b389/0e5f33d18d57bd07-c3/s75x75_c1/4f3e53c65a075d08a051f6d94dd27c663715215b.jpg 75w, https://64.media.tumblr.com/1338b83087b98af5d1246948dc81b389/0e5f33d18d57bd07-c3/s100x200/16277fd75c4ce6212dbba9466aa8da2a65aa1786.jpg 100w, https://64.media.tumblr.com/1338b83087b98af5d1246948dc81b389/0e5f33d18d57bd07-c3/s250x400/4ae16d8b84644dc0f70d50d4c876d106100f0ca0.jpg 250w, https://64.media.tumblr.com/1338b83087b98af5d1246948dc81b389/0e5f33d18d57bd07-c3/s400x600/537d9e0a2a75bde5d2340701a52d6b9d7b623882.jpg 400w, https://64.media.tumblr.com/1338b83087b98af5d1246948dc81b389/0e5f33d18d57bd07-c3/s500x750/16ff0f4f64a125331af0e583278c4e280f9f1f24.jpg 500w, https://64.media.tumblr.com/1338b83087b98af5d1246948dc81b389/0e5f33d18d57bd07-c3/s540x810/a530677e3f376e6c5638ae67595821ccbb8328ba.jpg 540w, https://64.media.tumblr.com/1338b83087b98af5d1246948dc81b389/0e5f33d18d57bd07-c3/s640x960/f252d58c2936baaf7be0620506686e1e3fcd87af.jpg 640w, https://64.media.tumblr.com/1338b83087b98af5d1246948dc81b389/0e5f33d18d57bd07-c3/s1280x1920/ae2a3fa003d49fe44098a6f7f08d3c068083c83b.jpg 1280w, https://64.media.tumblr.com/1338b83087b98af5d1246948dc81b389/0e5f33d18d57bd07-c3/s2048x3072/9369579104636769a1ce67c71e7cdb0a38e419d6.jpg 1440w"" sizes=""(max-width: 1280px) 100vw, 1280px""/></figure></div><p>4월의 봄 이야기를 담았습니다.</p><p>행복하고 좋은 하루 되시길 바랍니다. :)</p><p>I captured a small story of spring in April.</p><p>Hope you have a happy and beautiful day. :)</p>","youtube, korea travel, 국내여행, 봄여행, spring travel, valley, 계곡",,"<h1>4월 봄 이야기</h1><div class=""npf_row""><figure class=""tmblr-full"" data-orig-height=""1440"" data-orig-width=""1440""><img data-orig-height=""1440"" data-orig-width=""1440"" sizes=""(max-width: 1280px) 100vw, 1280px"" src=""https://64.media.tumblr.com/1338b83087b98af5d1246948dc81b389/0e5f33d18d57bd07-c3/s640x960/f252d58c2936baaf7be0620506686e1e3fcd87af.jpg"" srcset=""https://64.media.tumblr.com/1338b83087b98af5d1246948dc81b389/0e5f33d18d57bd07-c3/s75x75_c1/4f3e53c65a075d08a051f6d94dd27c663715215b.jpg 75w, https://64.media.tumblr.com/1338b83087b98af5d1246948dc81b389/0e5f33d18d57bd07-c3/s100x200/16277fd75c4ce6212dbba9466aa8da2a65aa1786.jpg 100w, https://64.media.tumblr.com/1338b83087b98af5d1246948dc81b389/0e5f33d18d57bd07-c3/s250x400/4ae16d8b84644dc0f70d50d4c876d106100f0ca0.jpg 250w, https://64.media.tumblr.com/1338b83087b98af5d1246948dc81b389/0e5f33d18d57bd07-c3/s400x600/537d9e0a2a75bde5d2340701a52d6b9d7b623882.jpg 400w, https://64.media.tumblr.com/1338b83087b98af5d1246948dc81b389/0e5f33d18d57bd07-c3/s500x750/16ff0f4f64a125331af0e583278c4e280f9f1f24.jpg 500w, https://64.media.tumblr.com/1338b83087b98af5d1246948dc81b389/0e5f33d18d57bd07-c3/s540x810/a530677e3f376e6c5638ae67595821ccbb8328ba.jpg 540w, https://64.media.tumblr.com/1338b83087b98af5d1246948dc81b389/0e5f33d18d57bd07-c3/s640x960/f252d58c2936baaf7be0620506686e1e3fcd87af.jpg 640w, https://64.media.tumblr.com/1338b83087b98af5d1246948dc81b389/0e5f33d18d57bd07-c3/s1280x1920/ae2a3fa003d49fe44098a6f7f08d3c068083c83b.jpg 1280w, https://64.media.tumblr.com/1338b83087b98af5d1246948dc81b389/0e5f33d18d57bd07-c3/s2048x3072/9369579104636769a1ce67c71e7cdb0a38e419d6.jpg 1440w""/></figure></div><p>4월의 봄 이야기를 담았습니다.</p><p>행복하고 좋은 하루 되시길 바랍니다. :)</p><p>4월 봄의 소소한 이야기를 담아보았습니다.</p><p>행복하고 아름다운 하루 보내시기 바랍니다. :)</p>"
812550477037404160,2026-03-30 22:08:40 GMT,,"<p class=""npf_link"" data-npf='{""type"":""link"",""url"":""https://airportsandhotelsblog.wordpress.com/2024/09/28/seoul-private-tour-guides-in-south-korea/"",""display_url"":""https://airportsandhotelsblog.wordpress.com/2024/09/28/seoul-private-tour-guides-in-south-korea/"",""title"":""Seoul private tour guides in South Korea"",""description"":""Visiting Seoul offers a captivating blend of ancient tradition and modern innovation. Steeped in rich history with majestic palaces like Gye"",""site_name"":""Airports and Hotels"",""poster"":[{""media_key"":""bb879ea293dc6544fdb8a06b5e9b1e19:e7f19b88ffc6da5f-6c"",""type"":""image/jpeg"",""width"":1200,""height"":633}]}'><a href=""https://airportsandhotelsblog.wordpress.com/2024/09/28/seoul-private-tour-guides-in-south-korea/"" target=""_blank"">Seoul private tour guides in South Korea</a></p><p>Private Seoul tours. Guided tours with local guides in Seoul, South Korea: shopping, hiking, city walks, street food.</p>","seoul, south korea, korea, korea travel, korean, kpop, visit seoul, guided tours, travel guide, tour guide",,"<p class=""npf_link"" data-npf='{""type"":""link"",""url"":""https://airportsandhotelsblog.wordpress.com/2024/09/28/seoul-private-tour-guides-in-south-korea/"",""display_url"":""https://airportsandhotelsblog.wordpress.com/2024/09/28/seoul-private-tour-guides-in-south-korea/"",""title"":""Seoul private tour guides in South Korea"",""description"":""Visiting Seoul offers a captivating blend of ancient tradition and modern innovation. Steeped in rich history with majestic palaces like Gye"",""site_name"":""Airports and Hotels"",""poster"":[{""media_key"":""bb879ea293dc6544fdb8a06b5e9b1e19:e7f19b88ffc6da5f-6c"",""type"":""image/jpeg"",""width"":1200,""height"":633}]}'><a href=""https://airportsandhotelsblog.wordpress.com/2024/09/28/seoul-private-tour-guides-in-south-korea/"" target=""_blank"">한국의 서울 개인 여행 가이드</a></p><p>개인 서울 투어. 한국 서울 지역 가이드와 함께하는 가이드 투어: 쇼핑, 하이킹, 도시 산책, 길거리 음식.</p>"
812310335695601664,2026-03-28 06:31:44 GMT,,"<p>Sunsets &amp; Spice, just not at home but in Seoul. </p><div class=""npf_row""><figure class=""tmblr-full"" data-orig-height=""1121"" data-orig-width=""736""><img src=""https://64.media.tumblr.com/ffcdf43ee81e87601ab77c39927bb72f/0a2fbc7c16621b91-0c/s640x960/80a9a429546e671d3aa00cf198d5a2b9c36e1154.jpg"" data-orig-height=""1121"" data-orig-width=""736"" srcset=""https://64.media.tumblr.com/ffcdf43ee81e87601ab77c39927bb72f/0a2fbc7c16621b91-0c/s75x75_c1/42bd1f78238267a12cbbd32ae2106d7ff69cd04b.jpg 75w, https://64.media.tumblr.com/ffcdf43ee81e87601ab77c39927bb72f/0a2fbc7c16621b91-0c/s100x200/386bb7ed1fef702233d3183d1133565c4eacc948.jpg 100w, https://64.media.tumblr.com/ffcdf43ee81e87601ab77c39927bb72f/0a2fbc7c16621b91-0c/s250x400/428fe1ea33028cb4e8e98ed25dfb091914991f04.jpg 250w, https://64.media.tumblr.com/ffcdf43ee81e87601ab77c39927bb72f/0a2fbc7c16621b91-0c/s400x600/13598819b873a191426d9737771a853503ce6ed3.jpg 394w, https://64.media.tumblr.com/ffcdf43ee81e87601ab77c39927bb72f/0a2fbc7c16621b91-0c/s500x750/ccb03f0c53ecb475625c348cb12ab2ed9b81ddc0.jpg 492w, https://64.media.tumblr.com/ffcdf43ee81e87601ab77c39927bb72f/0a2fbc7c16621b91-0c/s540x810/2a42090b41fb5d0362a5d4337b45181379e666e6.jpg 532w, https://64.media.tumblr.com/ffcdf43ee81e87601ab77c39927bb72f/0a2fbc7c16621b91-0c/s640x960/80a9a429546e671d3aa00cf198d5a2b9c36e1154.jpg 630w, https://64.media.tumblr.com/ffcdf43ee81e87601ab77c39927bb72f/0a2fbc7c16621b91-0c/s1280x1920/48f01d869643d835325f31c2c6cd1faefcdd580b.jpg 736w"" sizes=""(max-width: 736px) 100vw, 736px""/></figure><figure class=""tmblr-full"" data-orig-height=""720"" data-orig-width=""720""><img src=""https://64.media.tumblr.com/86fda62c86e3b68def50dd2b1444ef72/0a2fbc7c16621b91-cf/s640x960/3a47af6ffb8127d1fd627b46131edaac32c71382.jpg"" data-orig-height=""720"" data-orig-width=""720"" srcset=""https://64.media.tumblr.com/86fda62c86e3b68def50dd2b1444ef72/0a2fbc7c16621b91-cf/s75x75_c1/ba984e665e90c71e7e684066eeb6b49ccad253fb.jpg 75w, https://64.media.tumblr.com/86fda62c86e3b68def50dd2b1444ef72/0a2fbc7c16621b91-cf/s100x200/f8c49162bcd165d3606163b9307118031a2a0f9a.jpg 100w, https://64.media.tumblr.com/86fda62c86e3b68def50dd2b1444ef72/0a2fbc7c16621b91-cf/s250x400/734d27f7d20f778dcede72487dea85f4b7ea07b1.jpg 250w, https://64.media.tumblr.com/86fda62c86e3b68def50dd2b1444ef72/0a2fbc7c16621b91-cf/s400x600/155e08d851e9f525349e5e5681d1857e64e6a60c.jpg 400w, https://64.media.tumblr.com/86fda62c86e3b68def50dd2b1444ef72/0a2fbc7c16621b91-cf/s500x750/a341db8f4b3a49f486c39f1581251c6ce6750ef5.jpg 500w, https://64.media.tumblr.com/86fda62c86e3b68def50dd2b1444ef72/0a2fbc7c16621b91-cf/s540x810/55017dd036df4588d8ea98fd41b66f848d628ffc.jpg 540w, https://64.media.tumblr.com/86fda62c86e3b68def50dd2b1444ef72/0a2fbc7c16621b91-cf/s640x960/3a47af6ffb8127d1fd627b46131edaac32c71382.jpg 640w, https://64.media.tumblr.com/86fda62c86e3b68def50dd2b1444ef72/0a2fbc7c16621b91-cf/s1280x1920/1a3dc3d328d2bc89320a7d77d62ee9c47cce4940.jpg 720w"" sizes=""(max-width: 720px) 100vw, 720px""/></figure></div>","𝕾𝖙𝖚𝖋𝖋 𝖙𝖔 𝖊𝖓𝖏𝖔𝖞, korea travel",,"<p>Sunsets &amp; Spice, 집이 아닌 서울에서. </p><div class=""npf_row""><figure class=""tmblr-full"" data-orig-height=""1121"" data-orig-width=""736""><img data-orig-height=""1121"" data-orig-width=""736"" sizes=""(max-width: 736px) 100vw, 736px"" src=""https://64.media.tumblr.com/ffcdf43ee81e87601ab77c39927bb72f/0a2fbc7c16621b91-0c/s640x960/80a9a429546e671d3aa00cf198d5a2b9c36e1154.jpg"" srcset=""https://64.media.tumblr.com/ffcdf43ee81e87601ab77c39927bb72f/0a2fbc7c16621b91-0c/s75x75_c1/42bd1f78238267a12cbbd32ae2106d7ff69cd04b.jpg 75w, https://64.media.tumblr.com/ffcdf43ee81e87601ab77c39927bb72f/0a2fbc7c16621b91-0c/s100x200/386bb7ed1fef702233d3183d1133565c4eacc948.jpg 100w, https://64.media.tumblr.com/ffcdf43ee81e87601ab77c39927bb72f/0a2fbc7c16621b91-0c/s250x400/428fe1ea33028cb4e8e98ed25dfb091914991f04.jpg 250w, https://64.media.tumblr.com/ffcdf43ee81e87601ab77c39927bb72f/0a2fbc7c16621b91-0c/s400x600/13598819b873a191426d9737771a853503ce6ed3.jpg 394w, https://64.media.tumblr.com/ffcdf43ee81e87601ab77c39927bb72f/0a2fbc7c16621b91-0c/s500x750/ccb03f0c53ecb475625c348cb12ab2ed9b81ddc0.jpg 492w, https://64.media.tumblr.com/ffcdf43ee81e87601ab77c39927bb72f/0a2fbc7c16621b91-0c/s540x810/2a42090b41fb5d0362a5d4337b45181379e666e6.jpg 532w, https://64.media.tumblr.com/ffcdf43ee81e87601ab77c39927bb72f/0a2fbc7c16621b91-0c/s640x960/80a9a429546e671d3aa00cf198d5a2b9c36e1154.jpg 630w, https://64.media.tumblr.com/ffcdf43ee81e87601ab77c39927bb72f/0a2fbc7c16621b91-0c/s1280x1920/48f01d869643d835325f31c2c6cd1faefcdd580b.jpg 736w""/></figure><figure class=""tmblr-full"" data-orig-height=""720"" data-orig-width=""720""><img data-orig-height=""720"" data-orig-width=""720"" sizes=""(max-width: 720px) 100vw, 720px"" src=""https://64.media.tumblr.com/86fda62c86e3b68def50dd2b1444ef72/0a2fbc7c16621b91-cf/s640x960/3a47af6ffb8127d1fd627b46131edaac32c71382.jpg"" srcset=""https://64.media.tumblr.com/86fda62c86e3b68def50dd2b1444ef72/0a2fbc7c16621b91-cf/s75x75_c1/ba984e665e90c71e7e684066eeb6b49ccad253fb.jpg 75w, https://64.media.tumblr.com/86fda62c86e3b68def50dd2b1444ef72/0a2fbc7c16621b91-cf/s100x200/f8c49162bcd165d3606163b9307118031a2a0f9a.jpg 100w, https://64.media.tumblr.com/86fda62c86e3b68def50dd2b1444ef72/0a2fbc7c16621b91-cf/s250x400/734d27f7d20f778dcede72487dea85f4b7ea07b1.jpg 250w, https://64.media.tumblr.com/86fda62c86e3b68def50dd2b1444ef72/0a2fbc7c16621b91-cf/s400x600/155e08d851e9f525349e5e5681d1857e64e6a60c.jpg 400w, https://64.media.tumblr.com/86fda62c86e3b68def50dd2b1444ef72/0a2fbc7c16621b91-cf/s500x750/a341db8f4b3a49f486c39f1581251c6ce6750ef5.jpg 500w, https://64.media.tumblr.com/86fda62c86e3b68def50dd2b1444ef72/0a2fbc7c16621b91-cf/s540x810/55017dd036df4588d8ea98fd41b66f848d628ffc.jpg 540w, https://64.media.tumblr.com/86fda62c86e3b68def50dd2b1444ef72/0a2fbc7c16621b91-cf/s640x960/3a47af6ffb8127d1fd627b46131edaac32c71382.jpg 640w, https://64.media.tumblr.com/86fda62c86e3b68def50dd2b1444ef72/0a2fbc7c16621b91-cf/s1280x1920/1a3dc3d328d2bc89320a7d77d62ee9c47cce4940.jpg 720w""/></figure></div>"
812309649260969984,2026-03-28 06:20:49 GMT,,"<p>The two sides of my Korea Trip:</p><div class=""npf_row""><figure class=""tmblr-full"" data-orig-height=""981"" data-orig-width=""736""><img src=""https://64.media.tumblr.com/cf3099bc8ceea18e51f131dd94c70b78/128da18c08a6da4d-b6/s640x960/3c4b8277c4743a009b98f693327e34ffa7a5dc73.jpg"" data-orig-height=""981"" data-orig-width=""736"" srcset=""https://64.media.tumblr.com/cf3099bc8ceea18e51f131dd94c70b78/128da18c08a6da4d-b6/s75x75_c1/3b436e2439b084801296ad2036d6168760cf1860.jpg 75w, https://64.media.tumblr.com/cf3099bc8ceea18e51f131dd94c70b78/128da18c08a6da4d-b6/s100x200/433e6b8bb288d4a17cf62fc26ecaf444d3de1551.jpg 100w, https://64.media.tumblr.com/cf3099bc8ceea18e51f131dd94c70b78/128da18c08a6da4d-b6/s250x400/b5ee9f759d06cca8bc4cb8830fe6e8e4f7981e3d.jpg 250w, https://64.media.tumblr.com/cf3099bc8ceea18e51f131dd94c70b78/128da18c08a6da4d-b6/s400x600/1661aaeb05f61712beaa44cbd92ff2b0c4cd2781.jpg 400w, https://64.media.tumblr.com/cf3099bc8ceea18e51f131dd94c70b78/128da18c08a6da4d-b6/s500x750/a3024ed1bd00c9b8cf978faab733474296c2f0c0.jpg 500w, https://64.media.tumblr.com/cf3099bc8ceea18e51f131dd94c70b78/128da18c08a6da4d-b6/s540x810/11a4d9857caa468a93259f5b28dada95f5d8585a.jpg 540w, https://64.media.tumblr.com/cf3099bc8ceea18e51f131dd94c70b78/128da18c08a6da4d-b6/s640x960/3c4b8277c4743a009b98f693327e34ffa7a5dc73.jpg 640w, https://64.media.tumblr.com/cf3099bc8ceea18e51f131dd94c70b78/128da18c08a6da4d-b6/s1280x1920/2c8ce3f40931309c8c75321c07ed5fcc15313348.jpg 736w"" sizes=""(max-width: 736px) 100vw, 736px""/></figure><figure class=""tmblr-full"" data-orig-height=""1200"" data-orig-width=""675""><img src=""https://64.media.tumblr.com/8f5740cc02542b952e014f9ddbdd10c3/128da18c08a6da4d-d6/s640x960/fc06bf76d5fb6ba5e0e537f7dee3183fbb32b55c.jpg"" data-orig-height=""1200"" data-orig-width=""675"" srcset=""https://64.media.tumblr.com/8f5740cc02542b952e014f9ddbdd10c3/128da18c08a6da4d-d6/s75x75_c1/9c905f11c237c3454408d3caee87cbcd6b9967dc.jpg 75w, https://64.media.tumblr.com/8f5740cc02542b952e014f9ddbdd10c3/128da18c08a6da4d-d6/s100x200/da0d04c3dd41a8d22ea3cf527ec3a2b0a499c988.jpg 100w, https://64.media.tumblr.com/8f5740cc02542b952e014f9ddbdd10c3/128da18c08a6da4d-d6/s250x400/2c57208be94e47010dd44448a0349014fcd8ea39.jpg 225w, https://64.media.tumblr.com/8f5740cc02542b952e014f9ddbdd10c3/128da18c08a6da4d-d6/s400x600/e250aca2c4311c03228fb30f3c7cc35e251d915e.jpg 338w, https://64.media.tumblr.com/8f5740cc02542b952e014f9ddbdd10c3/128da18c08a6da4d-d6/s500x750/3523aa284076259d4b5c11dd3f0905e01b6b950d.jpg 422w, https://64.media.tumblr.com/8f5740cc02542b952e014f9ddbdd10c3/128da18c08a6da4d-d6/s540x810/74ae865efbb8f5906edc03fa025a4e3877701cb3.jpg 456w, https://64.media.tumblr.com/8f5740cc02542b952e014f9ddbdd10c3/128da18c08a6da4d-d6/s640x960/fc06bf76d5fb6ba5e0e537f7dee3183fbb32b55c.jpg 540w, https://64.media.tumblr.com/8f5740cc02542b952e014f9ddbdd10c3/128da18c08a6da4d-d6/s1280x1920/3d1e9bb1b305bfa8ab8f5e2eaa14afd5ceb6ad6c.jpg 675w"" sizes=""(max-width: 675px) 100vw, 675px""/></figure></div>","𝕾𝖙𝖚𝖋𝖋 𝖙𝖔 𝖊𝖓𝖏𝖔𝖞, korea travel",,"<p>내 한국 여행의 양면:</p><div class=""npf_row""><figure class=""tmblr-full"" data-orig-height=""981"" data-orig-width=""736""><img data-orig-height=""981"" data-orig-width=""736"" sizes=""(max-width: 736px) 100vw, 736px"" src=""https://64.media.tumblr.com/cf3099bc8ceea18e51f131dd94c70b78/128da18c08a6da4d-b6/s640x960/3c4b8277c4743a009b98f693327e34ffa7a5dc73.jpg"" srcset=""https://64.media.tumblr.com/cf3099bc8ceea18e51f131dd94c70b78/128da18c08a6da4d-b6/s75x75_c1/3b436e2439b084801296ad2036d6168760cf1860.jpg 75w, https://64.media.tumblr.com/cf3099bc8ceea18e51f131dd94c70b78/128da18c08a6da4d-b6/s100x200/433e6b8bb288d4a17cf62fc26ecaf444d3de1551.jpg 100w, https://64.media.tumblr.com/cf3099bc8ceea18e51f131dd94c70b78/128da18c08a6da4d-b6/s250x400/b5ee9f759d06cca8bc4cb8830fe6e8e4f7981e3d.jpg 250w, https://64.media.tumblr.com/cf3099bc8ceea18e51f131dd94c70b78/128da18c08a6da4d-b6/s400x600/1661aaeb05f61712beaa44cbd92ff2b0c4cd2781.jpg 400w, https://64.media.tumblr.com/cf3099bc8ceea18e51f131dd94c70b78/128da18c08a6da4d-b6/s500x750/a3024ed1bd00c9b8cf978faab733474296c2f0c0.jpg 500w, https://64.media.tumblr.com/cf3099bc8ceea18e51f131dd94c70b78/128da18c08a6da4d-b6/s540x810/11a4d9857caa468a93259f5b28dada95f5d8585a.jpg 540w, https://64.media.tumblr.com/cf3099bc8ceea18e51f131dd94c70b78/128da18c08a6da4d-b6/s640x960/3c4b8277c4743a009b98f693327e34ffa7a5dc73.jpg 640w, https://64.media.tumblr.com/cf3099bc8ceea18e51f131dd94c70b78/128da18c08a6da4d-b6/s1280x1920/2c8ce3f40931309c8c75321c07ed5fcc15313348.jpg 736w""/></figure><figure class=""tmblr-full"" data-orig-height=""1200"" data-orig-width=""675""><img data-orig-height=""1200"" data-orig-width=""675"" sizes=""(max-width: 675px) 100vw, 675px"" src=""https://64.media.tumblr.com/8f5740cc02542b952e014f9ddbdd10c3/128da18c08a6da4d-d6/s640x960/fc06bf76d5fb6ba5e0e537f7dee3183fbb32b55c.jpg"" srcset=""https://64.media.tumblr.com/8f5740cc02542b952e014f9ddbdd10c3/128da18c08a6da4d-d6/s75x75_c1/9c905f11c237c3454408d3caee87cbcd6b9967dc.jpg 75w, https://64.media.tumblr.com/8f5740cc02542b952e014f9ddbdd10c3/128da18c08a6da4d-d6/s100x200/da0d04c3dd41a8d22ea3cf527ec3a2b0a499c988.jpg 100w, https://64.media.tumblr.com/8f5740cc02542b952e014f9ddbdd10c3/128da18c08a6da4d-d6/s250x400/2c57208be94e47010dd44448a0349014fcd8ea39.jpg 225w, https://64.media.tumblr.com/8f5740cc02542b952e014f9ddbdd10c3/128da18c08a6da4d-d6/s400x600/e250aca2c4311c03228fb30f3c7cc35e251d915e.jpg 338w, https://64.media.tumblr.com/8f5740cc02542b952e014f9ddbdd10c3/128da18c08a6da4d-d6/s500x750/3523aa284076259d4b5c11dd3f0905e01b6b950d.jpg 422w, https://64.media.tumblr.com/8f5740cc02542b952e014f9ddbdd10c3/128da18c08a6da4d-d6/s540x810/74ae865efbb8f5906edc03fa025a4e3877701cb3.jpg 456w, https://64.media.tumblr.com/8f5740cc02542b952e014f9ddbdd10c3/128da18c08a6da4d-d6/s640x960/fc06bf76d5fb6ba5e0e537f7dee3183fbb32b55c.jpg 540w, https://64.media.tumblr.com/8f5740cc02542b952e014f9ddbdd10c3/128da18c08a6da4d-d6/s1280x1920/3d1e9bb1b305bfa8ab8f5e2eaa14afd5ceb6ad6c.jpg 675w""/></figure></div>"
811204538344357888,2026-03-16 01:35:33 GMT,,"<h1>Stories of March</h1><div class=""npf_row""><figure class=""tmblr-full"" data-orig-height=""720"" data-orig-width=""1280""><img src=""https://64.media.tumblr.com/1b81c989117ffa30d3e6120c1bc9cf37/c09d68478ab0823a-f8/s640x960/e8a209be85ca5e29285289c9e8c2f37c65edfdb6.jpg"" data-orig-height=""720"" data-orig-width=""1280"" srcset=""https://64.media.tumblr.com/1b81c989117ffa30d3e6120c1bc9cf37/c09d68478ab0823a-f8/s75x75_c1/85b59ff0b1b992beab2557b3b51470a1006f5eb4.jpg 75w, https://64.media.tumblr.com/1b81c989117ffa30d3e6120c1bc9cf37/c09d68478ab0823a-f8/s100x200/f17d2397c8d3ed656dc73d9c31488af6d074e1e4.jpg 100w, https://64.media.tumblr.com/1b81c989117ffa30d3e6120c1bc9cf37/c09d68478ab0823a-f8/s250x400/69735ef286bad035d5c7c68a37be5e3920a7a328.jpg 250w, https://64.media.tumblr.com/1b81c989117ffa30d3e6120c1bc9cf37/c09d68478ab0823a-f8/s400x600/199b15550f484a17d5845159232da0f5f20fe262.jpg 400w, https://64.media.tumblr.com/1b81c989117ffa30d3e6120c1bc9cf37/c09d68478ab0823a-f8/s500x750/a7284d7d04c7e19ecd8b1ada29f4f0914a3be629.jpg 500w, https://64.media.tumblr.com/1b81c989117ffa30d3e6120c1bc9cf37/c09d68478ab0823a-f8/s540x810/f8819a524902c8bca392768143bfa89fe020457c.jpg 540w, https://64.media.tumblr.com/1b81c989117ffa30d3e6120c1bc9cf37/c09d68478ab0823a-f8/s640x960/e8a209be85ca5e29285289c9e8c2f37c65edfdb6.jpg 640w, https://64.media.tumblr.com/1b81c989117ffa30d3e6120c1bc9cf37/c09d68478ab0823a-f8/s1280x1920/3b2ce7c5eae391579334d52ae1013a923e1e73f3.jpg 1280w"" sizes=""(max-width: 1280px) 100vw, 1280px""/></figure></div><p><br/></p><p><b>New video coming soon!</b></p><p>봄 소식을 담은 이야기를 전해드릴 예정입니다.<br/>오늘은 산뜻하고 맛있는 봄나물 비빔밥 어떠세요?</p><p>I’ll be sharing a story that brings the feeling of spring.<br/>How about enjoying a fresh and delicious spring vegetable Bibimbap today?</p>","March, korea travel, springvibes",,"<h1>3월의 이야기</h1><div class=""npf_row""><figure class=""tmblr-full"" data-orig-height=""720"" data-orig-width=""1280""><img data-orig-height=""720"" data-orig-width=""1280"" sizes=""(max-width: 1280px) 100vw, 1280px"" src=""https://64.media.tumblr.com/1b81c989117ffa30d3e6120c1bc9cf37/c09d68478ab0823a-f8/s640x960/e8a209be85ca5e29285289c9e8c2f37c65edfdb6.jpg"" srcset=""https://64.media.tumblr.com/1b81c989117ffa30d3e6120c1bc9cf37/c09d68478ab0823a-f8/s75x75_c1/85b59ff0b1b992beab2557b3b51470a1006f5eb4.jpg 75w, https://64.media.tumblr.com/1b81c989117ffa30d3e6120c1bc9cf37/c09d68478ab0823a-f8/s100x200/f17d2397c8d3ed656dc73d9c31488af6d074e1e4.jpg 100w, https://64.media.tumblr.com/1b81c989117ffa30d3e6120c1bc9cf37/c09d68478ab0823a-f8/s250x400/69735ef286bad035d5c7c68a37be5e3920a7a328.jpg 250w, https://64.media.tumblr.com/1b81c989117ffa30d3e6120c1bc9cf37/c09d68478ab0823a-f8/s400x600/199b15550f484a17d5845159232da0f5f20fe262.jpg 400w, https://64.media.tumblr.com/1b81c989117ffa30d3e6120c1bc9cf37/c09d68478ab0823a-f8/s500x750/a7284d7d04c7e19ecd8b1ada29f4f0914a3be629.jpg 500w, https://64.media.tumblr.com/1b81c989117ffa30d3e6120c1bc9cf37/c09d68478ab0823a-f8/s540x810/f8819a524902c8bca392768143bfa89fe020457c.jpg 540w, https://64.media.tumblr.com/1b81c989117ffa30d3e6120c1bc9cf37/c09d68478ab0823a-f8/s640x960/e8a209be85ca5e29285289c9e8c2f37c65edfdb6.jpg 640w, https://64.media.tumblr.com/1b81c989117ffa30d3e6120c1bc9cf37/c09d68478ab0823a-f8/s1280x1920/3b2ce7c5eae391579334d52ae1013a923e1e73f3.jpg 1280w""/></figure></div><p><br/></p><p><b>새로운 영상이 곧 공개됩니다!</b></p><p>봄 소식을 담은 이야기를 전해드릴 예정입니다.<br/>오늘은 산뜻하고 맛있는 봄나물 비빔밥 어떠세요?</p><p>봄기운이 물씬 풍기는 이야기를 전해드리겠습니다.<br/>오늘은 신선하고 맛있는 봄나물 비빔밥을 즐겨보시는 건 어떨까요?</p>"
810284476923052032,2026-03-05 21:51:34 GMT,,"<figure class=""tmblr-full tmblr-embed"" data-provider=""youtube"" data-url=""https://youtu.be/rqk8v4L46jM?si=0zJc96Hz55qM0VMR"" data-orig-width=""356"" data-orig-height=""200""><iframe width=""356"" height=""200"" id=""youtube_iframe"" src=""https://www.youtube.com/embed/rqk8v4L46jM?feature=oembed&amp;enablejsapi=1&amp;origin=https://safe.txmblr.com&amp;wmode=opaque"" frameborder=""0"" allow=""accelerometer; autoplay; clipboard-write; encrypted-media; gyroscope; picture-in-picture; web-share"" referrerpolicy=""strict-origin-when-cross-origin"" allowfullscreen title=""THE GANG GOES TO WATERBOMB #2""></iframe></figure><p>GOING TO WATERBOMB!!! KOREA TRIP PART 2/4 !</p><p>NEWWWW VIDEO EVERY FRIDAY!</p>","korea, korea travel, waterbomb, vlog, travel vlog, Youtube",,"<figure class=""tmblr-full tmblr-embed"" data-orig-height=""200"" data-orig-width=""356"" data-provider=""youtube"" data-url=""https://youtu.be/rqk8v4L46jM?si=0zJc96Hz55qM0VMR""><iframe allow=""accelerometer; autoplay; clipboard-write; encrypted-media; gyroscope; picture-in-picture; web-share"" allowfullscreen="""" frameborder=""0"" height=""200"" id=""youtube_iframe"" referrerpolicy=""strict-origin-when-cross-origin"" src=""https://www.youtube.com/embed/rqk8v4L46jM?feature=oembed&amp;enablejsapi=1&amp;origin=https://safe.txmblr.com&amp;wmode=opaque"" title=""THE GANG GOES TO WATERBOMB #2"" width=""356""></iframe></figure><p>워터밤으로 갑니다!!! 한국여행 2/4 !</p><p>매주 금요일마다 새로운 영상이 올라옵니다!</p>"
809778215264632832,2026-02-28 07:44:45 GMT,,"<p>Korean phone plans for Americans: spot the hidden cost most people miss. Fast check for name-registration, MVNO vs carrier, and exit fees. Read before you buy.</p><p class=""npf_link"" data-npf='{""type"":""link"",""url"":""https://kj.nomardy.com/korean-phone-plans-for-americans/"",""display_url"":""https://kj.nomardy.com/korean-phone-plans-for-americans/"",""title"":""Korean Phone Plans Explained: Budget MVNOs (알뜰폰), Contract Terms (약정), Cancellation Penalties (위약금), and Name-Registration Rules (명의)"",""poster"":[{""media_key"":""8a0b78bfe690568344cfdd24c1374c56:afc2f85e39e26771-44"",""type"":""image/webp"",""width"":1536,""height"":1024}]}'><a href=""https://kj.nomardy.com/korean-phone-plans-for-americans/"" target=""_blank"">Korean Phone Plans Explained: Budget MVNOs (알뜰폰), Contract Terms (약정), Cancellation Penalties (위약금), and Name-Registration Rules (명의)</a></p>","eSIM, Expat life, Korea travel, Mobile plans",,"<p>미국인을 위한 한국 전화 요금제: 대부분의 사람들이 놓치는 숨겨진 비용을 찾아보세요. 명의등록, MVNO vs 통신사, 탈퇴 수수료 등을 빠르게 확인하세요. 구매하기 전에 읽어보세요.</p><p class=""npf_link"" data-npf='{""type"":""link"",""url"":""https://kj.nomardy.com/korean-phone-plans-for-americans/"",""display_url"":""https://kj.nomardy.com/korean-phone-plans-for-americans/"",""title"":""Korean Phone Plans Explained: Budget MVNOs (알뜰폰), Contract Terms (약정), Cancellation Penalties (위약금), and Name-Registration Rules (명의)"",""poster"":[{""media_key"":""8a0b78bfe690568344cfdd24c1374c56:afc2f85e39e26771-44"",""type"":""image/webp"",""width"":1536,""height"":1024}]}'><a href=""https://kj.nomardy.com/korean-phone-plans-for-americans/"" target=""_blank"">한국 전화 요금제 설명: 예산 MVNO(알뜰폰), 계약 조건(약정), 취소 위약금(위약금) 및 이름 등록 규칙(이름)</a></p>"
809420260836065280,2026-02-24 08:55:13 GMT,,"<div class=""npf_row""><figure class=""tmblr-full"" data-orig-height=""3024"" data-orig-width=""4032""><img src=""https://64.media.tumblr.com/6b480e32fd5798ba41a7ccd4ef344f02/a6fda5213adc78e0-d2/s640x960/c3744a7f96a4293e89bae3d2df8c0218b6a29ced.jpg"" data-orig-height=""3024"" data-orig-width=""4032"" srcset=""https://64.media.tumblr.com/6b480e32fd5798ba41a7ccd4ef344f02/a6fda5213adc78e0-d2/s75x75_c1/9c69dca84d07a83be4043f5d4b1fac99c91a4739.jpg 75w, https://64.media.tumblr.com/6b480e32fd5798ba41a7ccd4ef344f02/a6fda5213adc78e0-d2/s100x200/28bca6befd06eb725acc3ddb1a1c285429216137.jpg 100w, https://64.media.tumblr.com/6b480e32fd5798ba41a7ccd4ef344f02/a6fda5213adc78e0-d2/s250x400/7e07bca398f38340d5a80512fd96206f833c9bf9.jpg 250w, https://64.media.tumblr.com/6b480e32fd5798ba41a7ccd4ef344f02/a6fda5213adc78e0-d2/s400x600/06f424c34f8ae56793423b1a8ff73da385751dc2.jpg 400w, https://64.media.tumblr.com/6b480e32fd5798ba41a7ccd4ef344f02/a6fda5213adc78e0-d2/s500x750/b64e1e48ded57cea64d147e6c5f6171d34a0aa86.jpg 500w, https://64.media.tumblr.com/6b480e32fd5798ba41a7ccd4ef344f02/a6fda5213adc78e0-d2/s540x810/9c4acd66bb50704b5cca360cb6e7dd5a065a67b1.jpg 540w, https://64.media.tumblr.com/6b480e32fd5798ba41a7ccd4ef344f02/a6fda5213adc78e0-d2/s640x960/c3744a7f96a4293e89bae3d2df8c0218b6a29ced.jpg 640w, https://64.media.tumblr.com/6b480e32fd5798ba41a7ccd4ef344f02/a6fda5213adc78e0-d2/s1280x1920/750dd32938ef9310ad7c0e9930f680490640a1b7.jpg 1280w, https://64.media.tumblr.com/6b480e32fd5798ba41a7ccd4ef344f02/a6fda5213adc78e0-d2/s2048x3072/091736ac5b075103082d30f1b86060c3257cd477.jpg 2048w"" sizes=""(max-width: 1280px) 100vw, 1280px""/></figure></div><p>My KPDH items are finally here!!!</p><p>&hellip;along with a million other things I bought from Korea. I bought so much that I had to ship what I couldn&rsquo;t fit in my suitcase. I recommend this method for those with a tendency to overbuy (like moi). </p><p>But alsoooo upon reflection, I should&rsquo;ve bought more?? Oh<i> </i>noooooo, that just means I have to go back again 🤷‍♀</p>","kpop demon hunters, korea travel, i’m broke now, but worth, if you want a korea travel buddy im ur gal",,"<div class=""npf_row""><figure class=""tmblr-full"" data-orig-height=""3024"" data-orig-width=""4032""><img data-orig-height=""3024"" data-orig-width=""4032"" sizes=""(max-width: 1280px) 100vw, 1280px"" src=""https://64.media.tumblr.com/6b480e32fd5798ba41a7ccd4ef344f02/a6fda5213adc78e0-d2/s640x960/c3744a7f96a4293e89bae3d2df8c0218b6a29ced.jpg"" srcset=""https://64.media.tumblr.com/6b480e32fd5798ba41a7ccd4ef344f02/a6fda5213adc78e0-d2/s75x75_c1/9c69dca84d07a83be4043f5d4b1fac99c91a4739.jpg 75w, https://64.media.tumblr.com/6b480e32fd5798ba41a7ccd4ef344f02/a6fda5213adc78e0-d2/s100x200/28bca6befd06eb725acc3ddb1a1c285429216137.jpg 100w, https://64.media.tumblr.com/6b480e32fd5798ba41a7ccd4ef344f02/a6fda5213adc78e0-d2/s250x400/7e07bca398f38340d5a80512fd96206f833c9bf9.jpg 250w, https://64.media.tumblr.com/6b480e32fd5798ba41a7ccd4ef344f02/a6fda5213adc78e0-d2/s400x600/06f424c34f8ae56793423b1a8ff73da385751dc2.jpg 400w, https://64.media.tumblr.com/6b480e32fd5798ba41a7ccd4ef344f02/a6fda5213adc78e0-d2/s500x750/b64e1e48ded57cea64d147e6c5f6171d34a0aa86.jpg 500w, https://64.media.tumblr.com/6b480e32fd5798ba41a7ccd4ef344f02/a6fda5213adc78e0-d2/s540x810/9c4acd66bb50704b5cca360cb6e7dd5a065a67b1.jpg 540w, https://64.media.tumblr.com/6b480e32fd5798ba41a7ccd4ef344f02/a6fda5213adc78e0-d2/s640x960/c3744a7f96a4293e89bae3d2df8c0218b6a29ced.jpg 640w, https://64.media.tumblr.com/6b480e32fd5798ba41a7ccd4ef344f02/a6fda5213adc78e0-d2/s1280x1920/750dd32938ef9310ad7c0e9930f680490640a1b7.jpg 1280w, https://64.media.tumblr.com/6b480e32fd5798ba41a7ccd4ef344f02/a6fda5213adc78e0-d2/s2048x3072/091736ac5b075103082d30f1b86060c3257cd477.jpg 2048w""/></figure></div><p>내 KPDH 품목이 드디어 여기에 있습니다 !!!</p><p>...한국에서 구입한 백만 가지 다른 물건들과 함께요. 너무 많이 사서 여행가방에 다 들어가지 못하는 걸 배송해야 했어요. (moi처럼) 과매수 경향이 있는 분들에게 이 방법을 추천합니다. </p><p>그런데 역시오오오오 생각해보면 더 샀어야 했는데?? 오<i> </i>안돼오오오오오오오오오오오오오오오오오오오오오오오오오오오오오오오오오오오오오오오오오오오오오오오오오오오오오오오오오오오오오오오오오오오오오오오오오오오오오오오오오오오오오오오오오오오</p>"
809418679173480448,2026-02-24 08:30:05 GMT,,"<p>Just another night hanging out with <a class=""tumblelog"" href=""https://tmblr.co/ML1w4KDn5LPfwLIZcMFpwSw"">@unniemanyeo</a> and going on her nerves. </p><div class=""npf_row""><figure class=""tmblr-full"" data-orig-height=""736"" data-orig-width=""736""><img src=""https://64.media.tumblr.com/653fb369058d3c79c13eca518b2daf49/fa7101083a7f249c-67/s640x960/15c37efd86e3ca5593d02afc57b0bfaed73b4c9a.jpg"" data-orig-height=""736"" data-orig-width=""736"" srcset=""https://64.media.tumblr.com/653fb369058d3c79c13eca518b2daf49/fa7101083a7f249c-67/s75x75_c1/e55ba452df8f5b5a30e20010cf611d80d70c5265.jpg 75w, https://64.media.tumblr.com/653fb369058d3c79c13eca518b2daf49/fa7101083a7f249c-67/s100x200/ffc5e4576965af6e084801e3a7e889107a08bf31.jpg 100w, https://64.media.tumblr.com/653fb369058d3c79c13eca518b2daf49/fa7101083a7f249c-67/s250x400/f6ebff6de6ad71ca3a1592ec5f19b0059c289fd0.jpg 250w, https://64.media.tumblr.com/653fb369058d3c79c13eca518b2daf49/fa7101083a7f249c-67/s400x600/9c5d0f9cf37b6f101d2f9b19c78ce250e0dfa6bd.jpg 400w, https://64.media.tumblr.com/653fb369058d3c79c13eca518b2daf49/fa7101083a7f249c-67/s500x750/1d5c956f35bfff2300e05be0c0220462b28326ec.jpg 500w, https://64.media.tumblr.com/653fb369058d3c79c13eca518b2daf49/fa7101083a7f249c-67/s540x810/f450437b7348f2abf92edf591a4ac6207616646e.jpg 540w, https://64.media.tumblr.com/653fb369058d3c79c13eca518b2daf49/fa7101083a7f249c-67/s640x960/15c37efd86e3ca5593d02afc57b0bfaed73b4c9a.jpg 640w, https://64.media.tumblr.com/653fb369058d3c79c13eca518b2daf49/fa7101083a7f249c-67/s1280x1920/7ee98dc29ef9be6441b892a8b640b49e3891b6e8.jpg 736w"" sizes=""(max-width: 736px) 100vw, 736px""/></figure><figure class=""tmblr-full"" data-orig-height=""1200"" data-orig-width=""675""><img src=""https://64.media.tumblr.com/cdcd8be9e75c2c21bea5ed750f30ddd8/fa7101083a7f249c-5e/s640x960/d447df82ef5d6f0719c104479fc372e9d3046377.jpg"" data-orig-height=""1200"" data-orig-width=""675"" srcset=""https://64.media.tumblr.com/cdcd8be9e75c2c21bea5ed750f30ddd8/fa7101083a7f249c-5e/s75x75_c1/36c5012bf1f89b4c34ca24d32687691270233a7c.jpg 75w, https://64.media.tumblr.com/cdcd8be9e75c2c21bea5ed750f30ddd8/fa7101083a7f249c-5e/s100x200/679478c480db5f206f45302a578c1a51f37c74a6.jpg 100w, https://64.media.tumblr.com/cdcd8be9e75c2c21bea5ed750f30ddd8/fa7101083a7f249c-5e/s250x400/41d47701c47ffe10f8f3c324dd07fec95695bdff.jpg 225w, https://64.media.tumblr.com/cdcd8be9e75c2c21bea5ed750f30ddd8/fa7101083a7f249c-5e/s400x600/0bfd0684e7f9162dd79197165ff8e4091f8a63d9.jpg 338w, https://64.media.tumblr.com/cdcd8be9e75c2c21bea5ed750f30ddd8/fa7101083a7f249c-5e/s500x750/6f931036ea0a86c83356fab8bdddd4a5d38f6b50.jpg 422w, https://64.media.tumblr.com/cdcd8be9e75c2c21bea5ed750f30ddd8/fa7101083a7f249c-5e/s540x810/3a7ad00369dddb7f1dc62d6bc09bd61f8bd58aa4.jpg 456w, https://64.media.tumblr.com/cdcd8be9e75c2c21bea5ed750f30ddd8/fa7101083a7f249c-5e/s640x960/d447df82ef5d6f0719c104479fc372e9d3046377.jpg 540w, https://64.media.tumblr.com/cdcd8be9e75c2c21bea5ed750f30ddd8/fa7101083a7f249c-5e/s1280x1920/556e4689ecf8e30cdf2f56489f97c259e75568e4.jpg 675w"" sizes=""(max-width: 675px) 100vw, 675px""/></figure></div>","𝕮𝖔𝖓𝖓𝖊𝖈𝖙𝖎𝖔𝖓 — 𝕯𝖆𝖓𝖇𝖎, 𝕰𝖛𝖊𝖗𝖞 𝖒𝖔𝖒𝖊𝖓𝖙 𝖎𝖘 𝖆 𝖙𝖊𝖆𝖈𝖍𝖆𝖇𝖑𝖊 𝖔𝖓𝖊, 𝕮𝖔𝖓𝖓𝖊𝖈𝖙𝖎𝖔𝖓𝖘, korea travel",,"<p>그냥 또 다른 밤에 같이 놀아 <a class=""tumblelog"" href=""https://tmblr.co/ML1w4KDn5LPfwLIZcMFpwSw"">@unniemanyeo</a> 그리고 그녀의 신경을 건드립니다. </p><div class=""npf_row""><figure class=""tmblr-full"" data-orig-height=""736"" data-orig-width=""736""><img data-orig-height=""736"" data-orig-width=""736"" sizes=""(max-width: 736px) 100vw, 736px"" src=""https://64.media.tumblr.com/653fb369058d3c79c13eca518b2daf49/fa7101083a7f249c-67/s640x960/15c37efd86e3ca5593d02afc57b0bfaed73b4c9a.jpg"" srcset=""https://64.media.tumblr.com/653fb369058d3c79c13eca518b2daf49/fa7101083a7f249c-67/s75x75_c1/e55ba452df8f5b5a30e20010cf611d80d70c5265.jpg 75w, https://64.media.tumblr.com/653fb369058d3c79c13eca518b2daf49/fa7101083a7f249c-67/s100x200/ffc5e4576965af6e084801e3a7e889107a08bf31.jpg 100w, https://64.media.tumblr.com/653fb369058d3c79c13eca518b2daf49/fa7101083a7f249c-67/s250x400/f6ebff6de6ad71ca3a1592ec5f19b0059c289fd0.jpg 250w, https://64.media.tumblr.com/653fb369058d3c79c13eca518b2daf49/fa7101083a7f249c-67/s400x600/9c5d0f9cf37b6f101d2f9b19c78ce250e0dfa6bd.jpg 400w, https://64.media.tumblr.com/653fb369058d3c79c13eca518b2daf49/fa7101083a7f249c-67/s500x750/1d5c956f35bfff2300e05be0c0220462b28326ec.jpg 500w, https://64.media.tumblr.com/653fb369058d3c79c13eca518b2daf49/fa7101083a7f249c-67/s540x810/f450437b7348f2abf92edf591a4ac6207616646e.jpg 540w, https://64.media.tumblr.com/653fb369058d3c79c13eca518b2daf49/fa7101083a7f249c-67/s640x960/15c37efd86e3ca5593d02afc57b0bfaed73b4c9a.jpg 640w, https://64.media.tumblr.com/653fb369058d3c79c13eca518b2daf49/fa7101083a7f249c-67/s1280x1920/7ee98dc29ef9be6441b892a8b640b49e3891b6e8.jpg 736w""/></figure><figure class=""tmblr-full"" data-orig-height=""1200"" data-orig-width=""675""><img data-orig-height=""1200"" data-orig-width=""675"" sizes=""(max-width: 675px) 100vw, 675px"" src=""https://64.media.tumblr.com/cdcd8be9e75c2c21bea5ed750f30ddd8/fa7101083a7f249c-5e/s640x960/d447df82ef5d6f0719c104479fc372e9d3046377.jpg"" srcset=""https://64.media.tumblr.com/cdcd8be9e75c2c21bea5ed750f30ddd8/fa7101083a7f249c-5e/s75x75_c1/36c5012bf1f89b4c34ca24d32687691270233a7c.jpg 75w, https://64.media.tumblr.com/cdcd8be9e75c2c21bea5ed750f30ddd8/fa7101083a7f249c-5e/s100x200/679478c480db5f206f45302a578c1a51f37c74a6.jpg 100w, https://64.media.tumblr.com/cdcd8be9e75c2c21bea5ed750f30ddd8/fa7101083a7f249c-5e/s250x400/41d47701c47ffe10f8f3c324dd07fec95695bdff.jpg 225w, https://64.media.tumblr.com/cdcd8be9e75c2c21bea5ed750f30ddd8/fa7101083a7f249c-5e/s400x600/0bfd0684e7f9162dd79197165ff8e4091f8a63d9.jpg 338w, https://64.media.tumblr.com/cdcd8be9e75c2c21bea5ed750f30ddd8/fa7101083a7f249c-5e/s500x750/6f931036ea0a86c83356fab8bdddd4a5d38f6b50.jpg 422w, https://64.media.tumblr.com/cdcd8be9e75c2c21bea5ed750f30ddd8/fa7101083a7f249c-5e/s540x810/3a7ad00369dddb7f1dc62d6bc09bd61f8bd58aa4.jpg 456w, https://64.media.tumblr.com/cdcd8be9e75c2c21bea5ed750f30ddd8/fa7101083a7f249c-5e/s640x960/d447df82ef5d6f0719c104479fc372e9d3046377.jpg 540w, https://64.media.tumblr.com/cdcd8be9e75c2c21bea5ed750f30ddd8/fa7101083a7f249c-5e/s1280x1920/556e4689ecf8e30cdf2f56489f97c259e75568e4.jpg 675w""/></figure></div>"
809244024083021824,2026-02-22 10:14:01 GMT,,"<p>Korean PC bang guide: learn check-in, time plans, food ordering, and clean exit. Avoid the mistakes most people miss. Get your first visit right now.</p><p class=""npf_link"" data-npf='{""type"":""link"",""url"":""https://kj.nomardy.com/korean-pc-bang-guide/"",""display_url"":""https://kj.nomardy.com/korean-pc-bang-guide/"",""title"":""PC bang culture explained: sign-up, rates, food, and the overnight all-nighter scene (US guide)"",""poster"":[{""media_key"":""6f99c66a5912e17891409aafa3cb6af0:3f4a2e16f94478fa-ef"",""type"":""image/webp"",""width"":1536,""height"":1024}]}'><a href=""https://kj.nomardy.com/korean-pc-bang-guide/"" target=""_blank"">PC bang culture explained: sign-up, rates, food, and the overnight all-nighter scene (US guide)</a></p>","Gaming cafes, Korea travel, Korean Culture, Seoul nightlife",,"<p>한국어 PC방 가이드 : 체크인, 시간 계획, 음식 주문, 깔끔한 퇴장 등을 배워보세요. 대부분의 사람들이 놓치는 실수를 피하십시오. 지금 바로 첫 방문을 받아보세요.</p><p class=""npf_link"" data-npf='{""type"":""link"",""url"":""https://kj.nomardy.com/korean-pc-bang-guide/"",""display_url"":""https://kj.nomardy.com/korean-pc-bang-guide/"",""title"":""PC bang culture explained: sign-up, rates, food, and the overnight all-nighter scene (US guide)"",""poster"":[{""media_key"":""6f99c66a5912e17891409aafa3cb6af0:3f4a2e16f94478fa-ef"",""type"":""image/webp"",""width"":1536,""height"":1024}]}'><a href=""https://kj.nomardy.com/korean-pc-bang-guide/"" target=""_blank"">PC방 문화 설명: 가입, 요금, 음식, 밤샘 현장(미국 가이드)</a></p>"
805794140377006080,2026-01-15 08:19:35 GMT,,"<p>Korean funeral etiquette for foreigners: run this 6-step checklist for bujeui-geum, envelope writing, and jo-mun—what most people miss. Save it now.</p><p class=""npf_link"" data-npf='{""type"":""link"",""url"":""https://kj.nomardy.com/korean-funeral-etiquette-for-foreigners/"",""display_url"":""https://kj.nomardy.com/korean-funeral-etiquette-for-foreigners/"",""title"":""Korean Funeral Etiquette for Foreigners: Condolence Money (Bujeui-geum) Amount, Envelope Writing, and “Jo-mun” Steps at a Funeral Hall"",""poster"":[{""media_key"":""5e9f6d3cc34aaa188aa2c36c3983b176:7f785e624d3d89dd-dd"",""type"":""image/webp"",""width"":1536,""height"":1024}]}'><a href=""https://kj.nomardy.com/korean-funeral-etiquette-for-foreigners/"" target=""_blank"">Korean Funeral Etiquette for Foreigners: Condolence Money (Bujeui-geum) Amount, Envelope Writing, and “Jo-mun” Steps at a Funeral Hall</a></p>","Expat life, Funeral etiquette, Korea travel, Korean etiquette",,"<p>외국인을 위한 한국 장례예절: 대부분의 사람들이 놓치는 부즈의금, 봉투쓰기, 조문 6단계 체크리스트를 실행해 보세요. 지금 저장하세요.</p><p class=""npf_link"" data-npf='{""type"":""link"",""url"":""https://kj.nomardy.com/korean-funeral-etiquette-for-foreigners/"",""display_url"":""https://kj.nomardy.com/korean-funeral-etiquette-for-foreigners/"",""title"":""Korean Funeral Etiquette for Foreigners: Condolence Money (Bujeui-geum) Amount, Envelope Writing, and “Jo-mun” Steps at a Funeral Hall"",""poster"":[{""media_key"":""5e9f6d3cc34aaa188aa2c36c3983b176:7f785e624d3d89dd-dd"",""type"":""image/webp"",""width"":1536,""height"":1024}]}'><a href=""https://kj.nomardy.com/korean-funeral-etiquette-for-foreigners/"" target=""_blank"">외국인을 위한 한국 장례예절: 부즈의금 액수, 봉투 쓰기, 장례식장 '조문' 계단</a></p>"
804523379697795072,2026-01-01 07:41:24 GMT,,"<div class=""npf_row""><figure class=""tmblr-full"" data-orig-height=""2048"" data-orig-width=""1152""><img src=""https://64.media.tumblr.com/83db5268d2d5c6a8f836ea8f84198f0c/db16581ecea8e2f6-40/s640x960/9895de618e63b77dd8ad27e77aa987ed9a8a6958.jpg"" data-orig-height=""2048"" data-orig-width=""1152"" srcset=""https://64.media.tumblr.com/83db5268d2d5c6a8f836ea8f84198f0c/db16581ecea8e2f6-40/s75x75_c1/d33c13a5a88966dcf437a7848110f3b6eb31007d.jpg 75w, https://64.media.tumblr.com/83db5268d2d5c6a8f836ea8f84198f0c/db16581ecea8e2f6-40/s100x200/5b64d67ce4174c58d7b97436189a39c5f084dc79.jpg 100w, https://64.media.tumblr.com/83db5268d2d5c6a8f836ea8f84198f0c/db16581ecea8e2f6-40/s250x400/95c0656ac18c13c0b32b90f3fca999f740661ae3.jpg 225w, https://64.media.tumblr.com/83db5268d2d5c6a8f836ea8f84198f0c/db16581ecea8e2f6-40/s400x600/fb43d6dafa57d1175aef283837bd7fdc38e402c6.jpg 338w, https://64.media.tumblr.com/83db5268d2d5c6a8f836ea8f84198f0c/db16581ecea8e2f6-40/s500x750/288a526cb43b6fce0ae58bc1c84436af32b2f393.jpg 422w, https://64.media.tumblr.com/83db5268d2d5c6a8f836ea8f84198f0c/db16581ecea8e2f6-40/s540x810/9596364eedf8a442f85e0592724a232916c2ce2d.jpg 456w, https://64.media.tumblr.com/83db5268d2d5c6a8f836ea8f84198f0c/db16581ecea8e2f6-40/s640x960/9895de618e63b77dd8ad27e77aa987ed9a8a6958.jpg 540w, https://64.media.tumblr.com/83db5268d2d5c6a8f836ea8f84198f0c/db16581ecea8e2f6-40/s1280x1920/53cbdc6ccef92cbb203996a0fa22d4076c226977.jpg 1080w, https://64.media.tumblr.com/83db5268d2d5c6a8f836ea8f84198f0c/db16581ecea8e2f6-40/s2048x3072/cb5ea9d9b35c6c21d5be16fa65bda30e4bba19ad.jpg 1152w"" sizes=""(max-width: 1152px) 100vw, 1152px""/></figure></div><p>Postikorttei &lt;3</p><p>Postcards &lt;3</p>","suomitumblr, suomitumppu, korea travel, travel, mail, postcard, photoblog",,"<div class=""npf_row""><figure class=""tmblr-full"" data-orig-height=""2048"" data-orig-width=""1152""><img data-orig-height=""2048"" data-orig-width=""1152"" sizes=""(max-width: 1152px) 100vw, 1152px"" src=""https://64.media.tumblr.com/83db5268d2d5c6a8f836ea8f84198f0c/db16581ecea8e2f6-40/s640x960/9895de618e63b77dd8ad27e77aa987ed9a8a6958.jpg"" srcset=""https://64.media.tumblr.com/83db5268d2d5c6a8f836ea8f84198f0c/db16581ecea8e2f6-40/s75x75_c1/d33c13a5a88966dcf437a7848110f3b6eb31007d.jpg 75w, https://64.media.tumblr.com/83db5268d2d5c6a8f836ea8f84198f0c/db16581ecea8e2f6-40/s100x200/5b64d67ce4174c58d7b97436189a39c5f084dc79.jpg 100w, https://64.media.tumblr.com/83db5268d2d5c6a8f836ea8f84198f0c/db16581ecea8e2f6-40/s250x400/95c0656ac18c13c0b32b90f3fca999f740661ae3.jpg 225w, https://64.media.tumblr.com/83db5268d2d5c6a8f836ea8f84198f0c/db16581ecea8e2f6-40/s400x600/fb43d6dafa57d1175aef283837bd7fdc38e402c6.jpg 338w, https://64.media.tumblr.com/83db5268d2d5c6a8f836ea8f84198f0c/db16581ecea8e2f6-40/s500x750/288a526cb43b6fce0ae58bc1c84436af32b2f393.jpg 422w, https://64.media.tumblr.com/83db5268d2d5c6a8f836ea8f84198f0c/db16581ecea8e2f6-40/s540x810/9596364eedf8a442f85e0592724a232916c2ce2d.jpg 456w, https://64.media.tumblr.com/83db5268d2d5c6a8f836ea8f84198f0c/db16581ecea8e2f6-40/s640x960/9895de618e63b77dd8ad27e77aa987ed9a8a6958.jpg 540w, https://64.media.tumblr.com/83db5268d2d5c6a8f836ea8f84198f0c/db16581ecea8e2f6-40/s1280x1920/53cbdc6ccef92cbb203996a0fa22d4076c226977.jpg 1080w, https://64.media.tumblr.com/83db5268d2d5c6a8f836ea8f84198f0c/db16581ecea8e2f6-40/s2048x3072/cb5ea9d9b35c6c21d5be16fa65bda30e4bba19ad.jpg 1152w""/></figure></div><p>포스티코르테이 &lt;3</p><p>엽서 &lt;3</p>"
795472406726754304,2025-09-23 10:00:03 GMT,,"<h1><b>6 Days / 5 Nights South Korea Tour </b></h1><div class=""npf_row""><figure class=""tmblr-full"" data-orig-height=""600"" data-orig-width=""1200""><img src=""https://64.media.tumblr.com/bf721f998e60e085c001dc012a999837/a9e5c522070e730f-41/s640x960/651991bbbd232f0c759ae57031d42c4ffd5fa7e6.jpg"" data-orig-height=""600"" data-orig-width=""1200"" srcset=""https://64.media.tumblr.com/bf721f998e60e085c001dc012a999837/a9e5c522070e730f-41/s75x75_c1/b2f2a951b9f759f08a1106d569d7f651f2971fb0.jpg 75w, https://64.media.tumblr.com/bf721f998e60e085c001dc012a999837/a9e5c522070e730f-41/s100x200/80cc32c7563eb8da8ddaef6bdfce523a96c0bfdd.jpg 100w, https://64.media.tumblr.com/bf721f998e60e085c001dc012a999837/a9e5c522070e730f-41/s250x400/1c96a10bed8d771d66dbcbc6a45bc43a93ce7da2.jpg 250w, https://64.media.tumblr.com/bf721f998e60e085c001dc012a999837/a9e5c522070e730f-41/s400x600/604833d86a335e7a13ae58457d43862542066ebb.jpg 400w, https://64.media.tumblr.com/bf721f998e60e085c001dc012a999837/a9e5c522070e730f-41/s500x750/dd3d1df6090f2ddde5d26f94a6c83bc5ad172d12.jpg 500w, https://64.media.tumblr.com/bf721f998e60e085c001dc012a999837/a9e5c522070e730f-41/s540x810/c9fc4c2bd882c6a8070b28e8d36e2eefca9f3362.jpg 540w, https://64.media.tumblr.com/bf721f998e60e085c001dc012a999837/a9e5c522070e730f-41/s640x960/651991bbbd232f0c759ae57031d42c4ffd5fa7e6.jpg 640w, https://64.media.tumblr.com/bf721f998e60e085c001dc012a999837/a9e5c522070e730f-41/s1280x1920/224b685714a475eca0e49f0d258d486204a570db.jpg 1200w"" sizes=""(max-width: 1200px) 100vw, 1200px""/></figure></div><p>South Korea has quickly become one of the hottest destinations for American travelers. With futuristic skyscrapers standing beside ancient palaces, lively street markets buzzing with energy, serene temples offering peace, and K-Pop concerts filling stadiums, the country blends modern excitement with cultural depth.</p><p>If you’re planning a <b>Korea travel experience</b>, a <b><a href=""https://theholidaybreakz.com/blog/6-days-5-nights-south-korea-tour-from-usa-a-complete-travel-guide"">6 Days / 5 Nights South Korea tour</a></b> is the perfect balance of sightseeing, history, shopping, and relaxation. This guide will walk you through a suggested itinerary covering <b>Seoul travel highlights</b>, a <b>Busan itinerary</b>, and even optional <b>Jeju Island travel</b>. We’ll also cover must-see attractions, food adventures, best travel seasons, and practical tips.</p><p>And when you’re ready to book, <b>TheHolidayBreakz</b> makes it simple. ✨<br/>📞 Call Now: <b>1-866-829-1125</b></p><p><b>Why Choose a 6 Days / 5 Nights Korea Tour?</b></p><p>South Korea is compact yet rich in experiences. With six days, you can: Visit <b>must-see in Korea</b> spots like Gyeongbokgung Palace, N Seoul Tower, and the DMZ. Explore two vibrant cities: <b>Seoul</b> (modern &amp; traditional) and <b>Busan</b> (beaches &amp; seafood). Add an optional <b>Jeju Island travel</b> extension for nature lovers. Savor a <b><a href=""https://theholidaybreakz.com/blog/6-days-5-nights-south-korea-tour-from-usa-a-complete-travel-guide"">Korean food tour</a></b> featuring BBQ, kimchi, and street snacks. This itinerary ensures you don’t feel rushed while still covering major highlights.</p><p><b>Suggested 6 Days / 5 Nights Itinerary</b></p><p><b>Day 1 – Arrival in Seoul</b></p><p>Board your flight from the USA (average fares: <b>$800–$1,200 round-trip</b>). Arrive at Incheon Airport and check into a hotel near <b>Seoul shopping districts</b> like Myeongdong. Evening: Explore Dongdaemun Design Plaza and enjoy Korean street food.</p><p><b>Day 2 – Seoul Highlights</b></p><p>Morning: Visit <b>Gyeongbokgung Palace</b> &amp; National Folk Museum. Walk through <b>Bukchon Hanok Village</b> and trendy cafés. Afternoon: Explore <b>Insadong</b> for art shops and tea houses. Evening: Watch a traditional cultural performance.</p><p><b>Day 3 – DMZ Tour Korea</b></p><p>Full-day guided tour of the <b>Demilitarized Zone (DMZ)</b>. See Dora Observatory, tunnels, and Freedom Bridge. Evening: Enjoy a <b>Korean food tour</b> with bulgogi, BBQ, and soju.</p><p><b>Day 4 – Busan Itinerary</b></p><p>Take the <b>KTX train to Busan</b> (2.5 hours). Visit <b>Haeundae Beach, Gamcheon Culture Village, and Jagalchi Fish Market</b>. Evening: Savor Busan’s famous seafood.</p><p><b>Day 5 – Jeju Island Travel (Optional)</b></p><p>1-hour domestic flight to Jeju. Explore <b>Seongsan Ilchulbong (Sunrise Peak)</b>, <b>Manjanggul Lava Tube</b>, and <b>Hallasan National Park</b>. Perfect for nature and hiking lovers.</p><p><b>Day 6 – Shopping &amp; Departure</b></p><p>Shop at <b>Myeongdong, Namdaemun, or Hongdae</b>. Buy K-Beauty products, K-Pop merchandise, and souvenirs. Depart from Incheon Airport to the USA.</p><p><b>Best Time to Visit Korea</b></p><p><b>Spring (Mar–May):</b> Cherry blossoms &amp; mild weather. <b>Autumn (Sep–Nov):</b> Crisp air, colorful foliage. <b>Summer (Jun–Aug):</b> Hot, but full of festivals. <b>Winter (Dec–Feb):</b> Cold but great for skiing near Seoul.</p><p><b>Travel Tips for US Citizens</b></p><p><b>Visa:</b> No visa required for stays up to 90 days. <b>Transport:</b> Buy a <b>T-Money card</b> for subway &amp; bus rides. <b>Stay:</b> Choose hotels near <b>Seoul shopping districts</b>. <b>K-Pop Tourism:</b> Visit HYBE Insight or try catching a live concert. <b>Connectivity:</b> Rent a portable Wi-Fi hotspot for easy access.</p><p><b>Book Your South Korea Tour with TheHolidayBreakz</b></p><p>A <b>6 Days / 5 Nights South Korea tour</b> is the perfect mix of tradition, modernity, and adventure. From <b>Seoul travel highlights</b> to the vibrant <b>Busan itinerary</b>, the <b><a href=""https://theholidaybreakz.com/blog/6-days-5-nights-south-korea-tour-from-usa-a-complete-travel-guide"">DMZ tour Korea</a></b>, and the beauty of <b>Jeju Island travel</b>, this trip promises unforgettable memories.</p><p>Don’t just dream about Korea make it happen with <b><a href=""https://theholidaybreakz.com/blog/6-days-5-nights-south-korea-tour-from-usa-a-complete-travel-guide"">TheHolidayBreakz</a></b>.<br/>Call Now: <b>1-866-829-1125</b> to book your package today.</p><p><b>FAQs – South Korea Tour</b></p><p><b>Q1. How much does the 6 Days / 5 Nights South Korea tour cost?</b><br/>A: Around <b>$2,100 – $3,500</b> per person including flights, hotels, tours, food, and shopping.</p><p><b>Q2. Do US citizens need a visa?</b><br/>A: No visa needed for stays under 90 days. Just carry a valid passport.</p><p><b>Q3. What’s the best time to visit Korea?</b><br/>A: Spring and autumn are most popular, but each season has its charm.</p><p><b>Q4. What are the must-see attractions?</b><br/>A: <b>Gyeongbokgung Palace, Bukchon Hanok Village, N Seoul Tower, Haeundae Beach, DMZ, and Jeju’s Sunrise Peak.</b></p><p><b>Q5. Is Korea expensive for food &amp; shopping?</b><br/>A: Not really! Meals can be as cheap as $5–$10. Shopping districts offer everything from budget to luxury.</p><p><b>Q6. How can I book my tour easily?</b><br/>A: Call <b>TheHolidayBreakz</b> at <b>1-866-829-1125</b> for complete packages.</p>","Korea travel, South Korea tour, Seoul travel guide, Busan itinerary, Jeju Island travel, Things to do in Seoul, Must-see in Korea, Korean food tour, Best time to visit Korea, Korea visa for US citizens, Seoul shopping districts, K-pop tourism, DMZ tour Korea, Korean traditional culture, Cheap flights to Korea",,"<h1><b>5박 6일 한국 투어 </b></h1><div class=""npf_row""><figure class=""tmblr-full"" data-orig-height=""600"" data-orig-width=""1200""><img data-orig-height=""600"" data-orig-width=""1200"" sizes=""(max-width: 1200px) 100vw, 1200px"" src=""https://64.media.tumblr.com/bf721f998e60e085c001dc012a999837/a9e5c522070e730f-41/s640x960/651991bbbd232f0c759ae57031d42c4ffd5fa7e6.jpg"" srcset=""https://64.media.tumblr.com/bf721f998e60e085c001dc012a999837/a9e5c522070e730f-41/s75x75_c1/b2f2a951b9f759f08a1106d569d7f651f2971fb0.jpg 75w, https://64.media.tumblr.com/bf721f998e60e085c001dc012a999837/a9e5c522070e730f-41/s100x200/80cc32c7563eb8da8ddaef6bdfce523a96c0bfdd.jpg 100w, https://64.media.tumblr.com/bf721f998e60e085c001dc012a999837/a9e5c522070e730f-41/s250x400/1c96a10bed8d771d66dbcbc6a45bc43a93ce7da2.jpg 250w, https://64.media.tumblr.com/bf721f998e60e085c001dc012a999837/a9e5c522070e730f-41/s400x600/604833d86a335e7a13ae58457d43862542066ebb.jpg 400w, https://64.media.tumblr.com/bf721f998e60e085c001dc012a999837/a9e5c522070e730f-41/s500x750/dd3d1df6090f2ddde5d26f94a6c83bc5ad172d12.jpg 500w, https://64.media.tumblr.com/bf721f998e60e085c001dc012a999837/a9e5c522070e730f-41/s540x810/c9fc4c2bd882c6a8070b28e8d36e2eefca9f3362.jpg 540w, https://64.media.tumblr.com/bf721f998e60e085c001dc012a999837/a9e5c522070e730f-41/s640x960/651991bbbd232f0c759ae57031d42c4ffd5fa7e6.jpg 640w, https://64.media.tumblr.com/bf721f998e60e085c001dc012a999837/a9e5c522070e730f-41/s1280x1920/224b685714a475eca0e49f0d258d486204a570db.jpg 1200w""/></figure></div><p>한국은 미국인 여행객들에게 가장 인기 있는 여행지 중 하나로 빠르게 자리 잡았습니다. 고대 궁전 옆에 세워진 미래 지향적인 고층 건물, 활기가 넘치는 활기 넘치는 거리 시장, 평화를 선사하는 고요한 사원, 경기장을 가득 채우는 K-Pop 콘서트 등 이 나라는 현대적인 즐거움과 문화적 깊이가 조화를 이루고 있습니다.</p><p>계획 중이라면 <b>한국 여행 경험</b>, <b><a href=""https://theholidaybreakz.com/blog/6-days-5-nights-south-korea-tour-from-usa-a-complete-travel-guide"">5박 6일 한국 투어</a></b> 관광, 역사, 쇼핑, 휴식의 완벽한 균형을 이루고 있습니다. 이 가이드는 추천 여행 일정을 안내해 드립니다. <b>서울 여행 하이라이트</b>, <b>부산일정</b>, 심지어 선택 사항 <b>제주도 여행</b>. 또한 꼭 봐야 할 명소, 음식 모험, 최고의 여행 시즌 및 실용적인 팁도 다룰 것입니다.</p><p>그리고 예약할 준비가 되면, <b>TheHolidayBreakz</b> 간단하게 만듭니다. ✨<br/>📞 지금 전화하세요: <b>1-866-829-1125</b></p><p><b>왜 6일/5박 한국 투어를 선택하나요?</b></p><p>한국은 작지만 경험이 풍부합니다. 6일 동안 다음을 수행할 수 있습니다. <b>한국에서 꼭 봐야 할</b> 경복궁, N서울타워, DMZ 등이 있습니다. 두 개의 활기 넘치는 도시를 탐험해보세요: <b>서울</b> (현대 및 전통) 및 <b>부산</b> (해변 및 해산물). 선택사항 추가 <b>제주도 여행</b> 자연 애호가를 위한 확장 프로그램입니다. 맛보세요 <b><a href=""https://theholidaybreakz.com/blog/6-days-5-nights-south-korea-tour-from-usa-a-complete-travel-guide"">한국 음식 투어</a></b> 바비큐, 김치, 길거리 스낵이 특징입니다. 이 일정은 주요 하이라이트를 다루면서 서두르지 않도록 보장합니다.</p><p><b>추천 6일/5박 일정</b></p><p><b>1일 – 서울 도착</b></p><p>미국에서 출발하는 항공편에 탑승하세요(평균 요금: <b>왕복 $800~$1,200</b>). 인천공항 도착 후 인근 호텔 체크인 <b>서울 쇼핑 지역</b> 명동처럼. 저녁: 동대문 디자인 플라자를 둘러보고 한국 길거리 음식을 즐겨보세요.</p><p><b>2일차 - 서울 하이라이트</b></p><p>오전: 방문 <b>경복궁</b> &amp; 국립민속박물관. 걸어가다 <b>북촌한옥마을</b> 그리고 트렌디한 카페. 오후: 탐색 <b>인사동</b> 미술 상점과 찻집. 저녁: 전통 문화 공연을 감상하세요.</p><p><b>3일차 – DMZ 투어 코리아</b></p><p>하루 종일 가이드 투어 <b>비무장지대(DMZ)</b>. 도라전망대, 터널, 자유의 다리를 구경하세요. 저녁: 즐기세요 <b>한국 음식 투어</b> 불고기, 바비큐, 소주가 포함되어 있습니다.</p><p><b>4일차 – 부산 여행 일정</b></p><p>가져 가라. <b>부산행 KTX열차</b> (2.5시간). 방문하다 <b>해운대해수욕장, 감천문화마을, 자갈치시장</b>. 저녁: 부산의 유명한 해산물을 맛보세요.</p><p><b>5일차 - 제주도 여행(선택사항)</b></p><p>국내선 비행기로 제주까지 1시간 소요. 탐구하다 <b>성산일출봉(일출봉)</b>, <b>만장굴 용암동굴</b>, 그리고 <b>한라산국립공원</b>. 자연과 하이킹을 좋아하는 사람들에게 적합합니다.</p><p><b>6일차 – 쇼핑 및 출발</b></p><p>쇼핑 장소 <b>명동, 남대문, 홍대</b>. K-뷰티 제품, K-Pop 상품, 기념품을 구매해 보세요. 인천공항에서 미국으로 출국합니다.</p><p><b>한국을 방문하기 가장 좋은 시기</b></p><p><b>봄(3~5월):</b> 벚꽃과 온화한 날씨. <b>가을(9~11월):</b> 상쾌한 공기, 화려한 단풍. <b>여름(6~8월):</b> 덥지만 축제가 가득합니다. <b>겨울(12~2월):</b> 춥지만 서울 근처에서 스키를 타기에 좋습니다.</p><p><b>미국 시민을 위한 여행 팁</b></p><p><b>비자:</b> 최대 90일까지 체류하는 경우 비자가 필요하지 않습니다. <b>수송:</b> 구매 <b>티머니 카드</b> 지하철 및 버스 탑승용. <b>머무르다:</b> 주변 호텔을 선택하세요 <b>서울 쇼핑 지역</b>. <b>K팝 관광:</b> HYBE Insight를 방문하거나 라이브 콘서트를 관람해 보세요. <b>연결성:</b> 간편한 액세스를 위해 휴대용 Wi-Fi 핫스팟을 대여하세요.</p><p><b>TheHolidayBreakz로 한국 여행을 예약하세요</b></p><p>에이 <b>5박 6일 한국 투어</b> 전통, 현대성, 모험이 완벽하게 혼합되어 있습니다. 에서 <b>서울 여행 하이라이트</b> 활기 넘치는 <b>부산일정</b>, <b><a href=""https://theholidaybreakz.com/blog/6-days-5-nights-south-korea-tour-from-usa-a-complete-travel-guide"">DMZ 투어 코리아</a></b>, 그리고 그 아름다움 <b>제주도 여행</b>, 이번 여행은 잊지못할 추억을 약속드립니다.</p><p>한국은 꿈만 꾸지 말고 현실로 만들어 보세요 <b><a href=""https://theholidaybreakz.com/blog/6-days-5-nights-south-korea-tour-from-usa-a-complete-travel-guide"">TheHolidayBreakz</a></b>.<br/>지금 전화하세요: <b>1-866-829-1125</b> 오늘 패키지를 예약하세요.</p><p><b>자주 묻는 질문 – 한국 여행</b></p><p><b>Q1. 5박 6일 한국 투어 비용은 얼마인가요?</b><br/>답: 주변 <b>$2,100 – $3,500</b> 항공권, 호텔, 투어, 음식, 쇼핑 등을 포함한 1인당 요금입니다.</p><p><b>Q2. 미국 시민은 비자가 필요합니까?</b><br/>A: 90일 미만 체류에는 비자가 필요하지 않습니다. 유효한 여권만 가지고 다니세요.</p><p><b>Q3. 한국을 방문하기 가장 좋은 시기는 언제인가요?</b><br/>A: 봄과 가을이 가장 인기가 있지만 각 계절마다 그 매력이 있습니다.</p><p><b>Q4. 꼭 가봐야 할 명소는 무엇인가요?</b><br/>에이: <b>경복궁, 북촌한옥마을, N서울타워, 해운대해수욕장, DMZ, 제주 일출봉.</b></p><p><b>Q5. 한국은 음식과 쇼핑 비용이 비싼가요?</b><br/>A: 그렇지 않아요! 식사 비용은 $5~$10 정도로 저렴할 수 있습니다. 쇼핑 지구는 저렴한 가격부터 고급품까지 모든 것을 제공합니다.</p><p><b>Q6. 투어를 어떻게 쉽게 예약할 수 있나요?</b><br/>답: 전화해 <b>TheHolidayBreakz</b> ~에 <b>1-866-829-1125</b> 완전한 패키지의 경우.</p>"
795401243378040832,2025-09-22 15:08:57 GMT,,"<figure class=""tmblr-full tmblr-embed"" data-provider=""youtube"" data-url=""https://youtu.be/YrFJoVXtV54?si=W58jyOozAkeupMJp"" data-orig-width=""356"" data-orig-height=""200""><iframe width=""356"" height=""200"" id=""youtube_iframe"" src=""https://www.youtube.com/embed/YrFJoVXtV54?feature=oembed&amp;enablejsapi=1&amp;origin=https://safe.txmblr.com&amp;wmode=opaque"" frameborder=""0"" allow=""accelerometer; autoplay; clipboard-write; encrypted-media; gyroscope; picture-in-picture; web-share"" referrerpolicy=""strict-origin-when-cross-origin"" allowfullscreen title=""Travelling to South Korea 2025 | FAYE""></iframe></figure>","south korea, seoul, seoultravel, korea travel, travelvlog, travel diaries, followme, Youtube",,"<figure class=""tmblr-full tmblr-embed"" data-orig-height=""200"" data-orig-width=""356"" data-provider=""youtube"" data-url=""https://youtu.be/YrFJoVXtV54?si=W58jyOozAkeupMJp""><iframe allow=""accelerometer; autoplay; clipboard-write; encrypted-media; gyroscope; picture-in-picture; web-share"" allowfullscreen="""" frameborder=""0"" height=""200"" id=""youtube_iframe"" referrerpolicy=""strict-origin-when-cross-origin"" src=""https://www.youtube.com/embed/YrFJoVXtV54?feature=oembed&amp;enablejsapi=1&amp;origin=https://safe.txmblr.com&amp;wmode=opaque"" title=""Travelling to South Korea 2025 | FAYE"" width=""356""></iframe></figure>"
